0.00129922482225312,0.00741372646742515,0.00440083168853629,-0.00242294410985093,-0.0150169888718498,-0.00405660391655389,0.0067612272932808,-0.000622329542595068,0.0117899889432319,0.00279467446678939,-0.00459288632306417,-0.00160375519986101,-0.000685084978667587,-0.00348647032591403,0.00566723827166089,-0.00506257590092523,-0.00351859908234017,0.021399692452237,0.0356145220645386,0.0785794875635371,0.125456938936411,0.176262127595927,0.210958602971539,0.207879945239095,0.205370411261373,0.244674560753985,0.194783077936689,0.112854914757902,0.094166632948667,0.120491947049684,0.138995926413506,0.145045291738574,0.158694820137686,0.146222185290471,0.112601224662757,0.0890828829483539,0.0563097721127914,0.0351878853166042,0.0270797409087176,0.0129764853420018,0.00198804816007604,0.00311474703544134,-0.00568936571801704,-0.00257335382319921,-9.09676211897177e-05,0.00199503790145675,0.000229192100745131,0.0042053694009837,0.00100581750717548,0.00795156116441859,0.00270305978196663
-0.00683395878844077,-0.00740510730774851,-0.00783318625528713,0.00398568916051426,0.0116000645846113,-0.000761232459790911,0.00233608997609119,-0.00235185926973402,-0.00172565650859696,-0.000815810601696986,-0.0123629775122182,-0.00455437074884856,0.00511241105653472,-0.00548355309723787,-0.00537217626694059,-0.00272287424181295,0.00246772238110093,0.0243344421294999,0.0831451036148259,0.191470960839711,0.291566333656066,0.299116842970668,0.225518060276713,0.155185348792578,0.119157889010896,0.108400032961378,0.0979789929138972,0.114456629773064,0.157914558641882,0.215349376550791,0.231338476874094,0.18659218313936,0.133777359002839,0.0802879254926462,0.0344754401075173,0.00951219169082838,0.0101962230884361,-0.00466445987984384,0.00217315355248713,-0.0041776999876356,-0.00201363746539511,0.00110364600847582,-0.00973118823854344,-0.00164132636999438,-0.00328364542371689,-0.00923943898693166,0.00318784890041965,-0.00355499632050338,0.00067414827478926,0.00932078558607152,0.00685472436428514
0.00325256501679859,0.00306032759983903,0.00933846613499976,0.0081823347245626,-0.00796685796948799,0.00385518450255803,0.00307576664280577,-0.0086736924388149,-0.00788796446905476,0.00328777482015681,-0.00779063644561007,0.00194932103282738,-0.00177991110917351,0.000287996893752107,-0.00109155903400125,0.00415198039923925,0.0132275956015861,0.04857858955747,0.0973609267960177,0.203197807683274,0.268232786220945,0.262219366857857,0.192111241279023,0.115682777237658,0.0839027911278989,0.107007942538391,0.0792777363063536,0.022007200271673,0.00918829669034051,0.0593867216462366,0.147538227862878,0.258992515780808,0.313379572165194,0.256506464774337,0.141377377345941,0.0493960800395169,0.0219743900040543,0.000117693933238373,0.00523803575862115,0.00202423290023166,-0.000261019716750824,0.00509150432972241,0.000849560220127686,-0.00343933766303442,-0.00384279024051458,0.00274104274361612,0.00193635098400993,0.00314132023796165,0.000178179004100815,-0.00165105772695835,-0.000752743606141244
0.00448934269030811,0.00803981529878689,-0.0028944690559898,0.0043490881618016,0.00728101575991356,0.0082772037427998,0.0170119960464281,0.00495898629383906,0.00657272903532851,-0.00245570124805792,0.00222807800878909,-0.00733430493824596,-0.00592815770260495,0.0120639670470895,-0.00053122586301624,-0.0101234090383665,-0.00144938808400721,0.00086605986599079,0.0294406513633619,0.0663268793464784,0.144201301711693,0.201654866903224,0.244937222282569,0.234735347807053,0.187748621696091,0.146882255958669,0.143627199659076,0.0978684077196064,0.0846543298635934,0.11467802224312,0.19083302124819,0.220944617508125,0.2201731711767,0.183108836119952,0.118386136864504,0.06072277272835,0.0224048259243875,0.00536222771267596,0.00475478660039395,0.00683549194855077,0.000561299957424442,0.00623549664115184,0.00164075311958173,0.00428339276902204,0.000102377454989125,0.00840807456729496,0.00667803975566452,0.0155144897604644,0.00744156375683939,0.00686942054414729,0.00634735525014372
-0.000336409869551338,-0.0090257877530962,-0.00335940987734813,-0.0010968315567943,0.00488471733168541,-0.000837679774899021,-0.00296418330913332,0.00832292660716411,-0.00433414614269502,-0.0024328333249211,-0.0064898281259771,-0.000953617013020599,0.00215421951164773,-0.00862700405571936,0.0174145427491911,-0.000233548132857123,0.0127786715339639,0.0275287790076799,0.0573793530816574,0.115058095706536,0.182733791045114,0.217806561305148,0.229203963698673,0.190237732888958,0.14787075948672,0.108089675235571,0.103064661666415,0.103721420700047,0.129779816342578,0.174441350341264,0.231252191132607,0.234808033651175,0.211659012256067,0.130188150756675,0.0667151969505114,0.0320649165244595,-0.00930206071103591,0.00934502434914,-0.00231820614487062,0.000970753213087696,-0.00452281893781277,0.0012386375285796,-0.00107151218442779,-0.00724712943634244,0.0017371105787974,0.0140976727219681,0.00208769220087665,0.00144184002913404,-0.00203165938420556,-0.00667914253842613,-0.00516670136749283
0.00367842344729649,-0.000801373888053356,-0.00815048008147559,0.00299704841994245,-3.63671270619988e-05,-0.005649528664994,-0.0003727473094829,-0.00375429307243318,0.00167805437645938,-0.00876938863240218,0.000127596498949924,0.00674763828608451,0.00841869320669307,0.00391253591069025,0.00366106058239057,0.00569083997525699,0.0140080755230353,0.01102407135906,0.0517055526351701,0.154966448255262,0.264242241707787,0.303570448969994,0.249793956514999,0.143979446685591,0.0918626337071796,0.0975842051622389,0.117665418062541,0.131625483788334,0.147271277288648,0.153775393771902,0.177366334033136,0.182976806568818,0.156518872247223,0.132364265135853,0.0859914184010149,0.0431830107899005,0.0145810170547108,0.00980850275677015,0.0116816824013716,-0.00189427478861034,0.0011480970999756,-0.00423183785622891,-0.00083332546526428,0.00813272015325083,-0.0040440921533604,-0.00333607402649197,-0.00185998994770195,0.00396271216489409,0.00113839990970373,0.00533706139251895,0.00052544981916578
-0.00467071649468936,0.00586549606865374,0.00210480507977666,-0.0029432125571927,-0.00150081317711584,-0.00717449744394173,-0.000420851235111391,-0.00406736962579848,-0.00514525951603017,-0.00116504681202679,-0.000788627703344291,0.00299094763544832,-0.00918087732145362,-0.00540331821647667,-0.00425557293291209,-0.001106027158246,0.00482037471518477,-0.00817834115909998,-0.00133832324531679,0.0394851021641252,0.202026329305007,0.391618662584277,0.396759069907858,0.222197866947704,0.125606074013821,0.132604861567129,0.18495941068368,0.228467093460688,0.249046472035879,0.214712325813844,0.165342125624803,0.111886142577242,0.0615857317082611,0.019710752556443,0.015626603532679,0.00129275474314879,0.0110218698907005,-0.00192440407051383,-0.00372953830437078,-0.00024831690655304,-0.00731107423452734,-0.00479249590150644,-0.00794409815057679,0.00667038197948627,0.00204148946465255,0.00259636175557845,0.00367659459702787,-0.00605573031706819,-0.00535549093568672,0.00135461414668702,-0.000841113979206192
0.00122694592469856,-0.00589412837915753,0.00391606403071312,0.00767335136310769,0.00317565352729483,0.00380468392725568,-0.00704202343293123,-0.00426783719919932,-0.0038689204445791,0.00113730878235513,0.00863429213174173,0.00271761665990862,-0.00194723207756394,0.000544597008374906,0.00614542682174831,-0.0117738662936255,0.00206522209214637,0.00270192306080316,0.0304085235316573,0.0899470224335895,0.241115430287083,0.366717873365443,0.340622833463414,0.213855288568268,0.112164607128712,0.0651826973885493,0.0382337976756843,0.0495767324715583,0.0808117181238537,0.161220535645699,0.223231249900522,0.245187126209436,0.215890618212382,0.145743879368178,0.072245329655056,0.0449981383250177,0.0189582691138482,0.00688462256631246,0.00205830527860016,0.0158807694762204,-0.00107214294242091,-0.00438643373411478,-0.0145906732877236,0.000428034553751687,0.00112648242987068,0.0100062875150931,-0.00258549596264878,0.00141366537637609,0.000103317425715399,0.0111848378197406,0.00241721780861329
-0.00256455720183888,0.0058332360557602,0.0031970832711057,0.00328568584145937,-0.0056597811216607,0.00806374767273717,0.000608556017305355,-0.00362935306465626,0.000281706998084111,-0.0145331115539958,-0.00361422885787839,0.00122962508738342,-0.00175232052731126,-0.00218643719228875,0.00782102424119463,0.00774361321175291,-0.00362465920688468,0.0172184411034989,0.0431116550884853,0.10667433634518,0.224263420649797,0.307741015705924,0.281134623014988,0.180289880556245,0.10221608493275,0.109267858903072,0.127967106692486,0.140093937084145,0.187037168895597,0.248361810499989,0.263271976651184,0.19548505141459,0.112524309714466,0.052454694151739,0.0107062550402581,-0.00334835766918722,-0.00380826372380139,0.00593887794156732,-0.00879122530112937,0.000195618386849325,0.00882652651439273,0.00137457127913662,9.75631225364447e-05,7.88105246619839e-05,-0.0123687333898076,0.00740360071449995,-0.000421354480813794,0.0010152209906021,-0.00338006623862912,-0.00845478428095773,0.0129407897234972
0.00597907578341911,-0.00626276831377075,0.00733905398431758,-0.00243583206135516,0.00184151940506468,0.00216765093421933,0.00568909409482628,-0.00426051438487997,0.00484490579343559,-0.00188145493818083,0.00338239147933579,-0.00498304229986266,0.00416463887764289,0.0033756330151088,-0.0020405378047395,-0.00404966082136011,0.000503384508605964,0.0300709173207984,0.0983423795914933,0.23273766454589,0.347356853418295,0.299529320868514,0.159943008765244,0.0510778200985799,0.0388206164859553,0.0587792137372209,0.102742653622837,0.159466757988157,0.190393985200257,0.201884307459557,0.193221328740112,0.172998798026479,0.160958453740907,0.0986391598463476,0.0787186729702586,0.0415062375901762,0.0271941473405323,0.00152041771574281,0.000961625260569834,-0.00884213795690662,-0.00629738228849077,0.000389408405602873,-0.008821704833676,0.00533459766849823,-0.00298157800597674,0.00146534039580038,-0.0052131438536656,0.00727492735423869,0.00745813218608327,0.0058735759857826,-0.00181773263052213
-0.00974262505251252,0.00267951171845057,-0.00246104718336925,0.00598603710847189,0.0125704012125468,-0.00263625660462615,0.00348056410780854,-0.00259260567256126,-0.00288484531629553,-0.0019927417456008,0.000616875241895851,0.00389674644718456,0.00390582470837281,0.00353925405489665,-0.00288220398929577,0.00293563544415123,-0.00690561630970222,0.00176704328427843,0.00857372099918113,0.0219697498737028,0.0719775080056193,0.159406604614807,0.253173001874401,0.31189416602825,0.272360708124856,0.224801244509086,0.168501567360723,0.163067972578343,0.181452081339752,0.203037769792217,0.211566946295403,0.177202197092016,0.145371531420675,0.087944726265494,0.0443147513785536,0.0251641827380968,0.0143880345338006,0.00937232484913528,-0.00121197984605886,0.00048747380281001,-0.00144323456707919,-0.00458019477938692,-0.00281534438971131,0.00152514440561946,-0.00267033745421607,-0.00435648762263492,0.00762728046592258,0.000406420012409787,-0.00831836874948806,0.00209572274160407,0.0104793110450474
-0.00182934412833632,-0.0040072397598629,-0.0105286562603999,0.00568922158982205,-0.00157782022264802,0.00128551091246774,-0.00160625205064255,-0.000379454691538348,-0.0034631248183121,-0.00605868222217281,-0.00598623904734697,0.00137279865214044,0.00223379900910032,0.00117787291493066,0.000657677131915623,0.00944093493547396,0.0209167895690167,0.0678169512354459,0.169690726686068,0.265104251845543,0.302063965707342,0.232076098930739,0.124986195675627,0.0589384547952271,0.0613043256570823,0.0959164840877057,0.142503130682545,0.145878778382288,0.158419651269856,0.171941269942138,0.177344308606239,0.157500797491101,0.133346094669437,0.0855734210376069,0.0569070968731275,0.019905659466792,0.0231330448587277,0.0082465530841881,0.00817768507573361,-0.0149960448540788,-0.00055782973165232,-0.00590295187823562,0.00276981425937059,-0.00158436586315825,-0.00158935943569541,0.00942365039610864,0.00244292692841988,-0.000985037447042561,-0.00457220128395985,0.00151614247846245,0.00556774317809247
0.00110616135954388,0.00317249155431256,0.00546139293013045,-0.00317200262251824,0.00644565115064779,-0.00190004451690271,-0.00257316925059418,-0.00263681561039558,0.0019987365185346,0.006254813838282,0.00295368725797398,0.0049101320371547,-0.00750369350711225,-0.0105281604067364,0.00301815900464176,-0.00437269096421861,-0.000489070618112744,0.0111909049956195,0.00438637469677741,-0.000650607604913646,0.0222856584978535,0.0754325112272852,0.16407215310386,0.26904333214812,0.349195411186893,0.408329610991719,0.376223368630592,0.31246509717281,0.261013820274485,0.211752477127409,0.151693993895299,0.0913191195246936,0.0385793267252624,0.0249056269180282,0.00571327136269861,0.00230189969460636,0.00481209150339966,-0.00679718834934834,0.00444005040453128,-0.00337783281591571,0.00624825723186083,0.00543678956867774,0.00335016313780448,-0.00579028884873155,-0.00637118021171031,-0.0014010441938964,0.00678715805755453,0.00469401054728435,0.0049588299321462,0.0056088813965252,-0.000211655545916123
0.00272480088449973,-0.00586024873874974,0.00840155621157412,-0.0132113043351605,0.00540122278023995,4.26522787304339e-05,0.0174469061489221,0.0012685604613477,0.000798030672113946,-0.0126448223149647,-0.000748801405578561,-0.000740782623680522,-0.00311560385866211,0.00144461834733147,-0.00173177584090164,0.00215234817177682,0.0166855602986272,0.0512189789510832,0.141668762787706,0.26128971778487,0.315667772027935,0.242021011065449,0.132363709589264,0.0490173120746996,0.0148546906600548,0.0206812347415846,0.0480608653388018,0.126306486467952,0.123704951112285,0.158833508285933,0.189193895880768,0.196283788778483,0.163707107156445,0.113999336587684,0.0811408614429055,0.0291413348854565,0.0051878901713623,0.000803023076279704,0.00828068639653622,0.00492851112612628,-0.0162903074945919,0.00630591180457976,-0.00544536255799017,0.00487089491302505,-0.0107036527196638,-0.00152075154831169,0.0035304482748355,-0.0116261748241447,0.00453706420581631,-0.00143913245020191,-0.00126914008593111
-0.00237606624409676,2.61460053664511e-06,-0.0121082217637539,-0.00475804784345346,-0.00839045193099668,0.00435540003514232,0.00564401106453401,0.00886592990345683,-0.00245762766893606,-0.00221266533754008,0.00956622935393467,0.00361302016530094,0.0108042023848912,0.00113474356982106,0.0169496790317583,-0.00257805801260961,0.00301084411259752,0.00325882742468102,0.0370407571908853,0.105067883128356,0.192523516954889,0.262261499022354,0.288300585721602,0.217472503115211,0.163746962851851,0.135168380046205,0.185934436623755,0.208185392424214,0.206952256745676,0.187100241999998,0.154778287099337,0.14302949387094,0.098567251235292,0.0683029379230297,0.0498061452109152,0.0166604092336732,0.00936285090963627,-0.00396669213365167,-0.00638617357434991,-0.00361746847644059,0.00156096336197056,-0.00765179193709822,-0.0066228373451451,0.00584692580011223,0.000281509501290313,0.00510127163547446,-0.00239933442606123,-0.00635780723796041,0.00175224416089941,0.00514678143305146,-0.00476095970850193
0.0059513369241406,-0.00059536229970595,8.36486502643963e-05,0.000837469001989041,-0.00176078329656644,0.00267324644633442,-0.000746346584485303,-0.00686740933607601,-0.000777540939148959,0.00077718587270303,0.00231372541548455,-0.00487521618429927,0.00533299800894358,-0.00284917874474462,-0.000361334950116735,0.00525588858232713,0.00827014738779576,0.0240964292496272,0.0659636406256428,0.112784323605544,0.167425265214088,0.215585981145141,0.221353150492229,0.198016909564485,0.17561985923121,0.172361109475546,0.184711677113371,0.152504788999025,0.143356136782483,0.170209211361142,0.187846454722354,0.17080354421485,0.140151621817331,0.10288010615563,0.0735994372546109,0.0404431645571434,0.0212371382814759,0.00862717311277665,0.0189885833195802,0.00182681554971325,-0.00434856880419115,0.0016708078275147,0.00299499888080652,0.00426638105154152,-0.00417980839319834,0.00539851690982872,-0.000193173446724207,0.00139169550188667,-0.00652934477611265,-0.00159342560514875,-0.00832046976584823
0.0029635703892994,0.0120081039670863,-0.0132415583137827,0.00403806263964505,0.0031925403774979,-0.0157830785760463,-0.00621077726853986,-0.000132827894117433,-0.00175867267893578,-0.000547816901805609,-0.00861143454764414,-0.005453017413056,-0.00773656509443029,-0.00139492854984794,0.00334519679727584,-0.000164771200524492,0.0121165934021404,0.0160571619556888,0.0513900478214532,0.0817485444513838,0.142910717412859,0.189311437358112,0.225355590468201,0.217476166769571,0.216254416114936,0.200235719932979,0.297359433559521,0.342770075322475,0.221343659740446,0.18590924293926,0.157685856380643,0.0885253246752415,0.0621529961896602,0.0261680503930255,0.0217980831659085,0.00406710830103733,0.0044832021111517,0.00251225818192999,-0.00339271008376883,0.00383987511733389,0.00227148479037679,-0.00871031787727593,-0.00656712817661726,0.00696043832999365,0.000873446859286989,-0.0021241571146747,0.00407440932730229,0.0140262977641596,0.00019705962111151,-0.00666603771156085,0.0154553404084356
-0.00212430010729942,-0.0019154890332151,0.0035535220564778,-0.0118047498311359,-0.00617373018540891,0.000608125311668405,0.015371014086386,0.0017652697990972,0.00372245467613024,-0.00262114904705422,-0.00554795172262154,-0.0105297853821622,0.0067590298012876,0.00257163590334814,-0.0113227650503157,-0.00728807285425712,0.00938642342907865,0.0191869478066902,0.0525599981214231,0.0989070747385838,0.14386920140647,0.210029620112186,0.215341846756334,0.207009217982481,0.168776673908493,0.149300776350701,0.191561441820292,0.247258914195431,0.237229635496704,0.209638632625576,0.187680015856139,0.16110882573687,0.118005765008046,0.0708181027808241,0.030552603544173,0.0227072221257158,-0.00762404065586747,-0.000281483209277443,0.00257271574207671,-0.00545358832242924,-0.00870878691428565,-0.00767707624588814,-0.0046480274151366,-0.00852571347602923,-0.000385959618673605,0.00493431116753607,-0.005782999135867,0.000764037337316262,-0.00505557946275106,0.00896462477725865,-0.0105244096642226
-0.000625233494893052,-0.000599142878234044,0.00237446084545676,0.00231589779106039,0.00221207282206746,-0.00077090930961627,-0.000198514894331124,0.00153380947570431,-0.0042371570476322,-0.00176030137559245,0.00891745785294528,-0.000648370967949519,0.00425145104094141,-0.00706861071440594,0.00937954036287711,0.00975313498883886,0.00662705226172781,0.0387726072068712,0.0914906964030808,0.148648331955534,0.198000094731576,0.227626684222042,0.209236146051907,0.188837821183139,0.163968223787417,0.122905763050748,0.104010792068621,0.128861860142938,0.198283339390266,0.267909352698524,0.263899406350986,0.196944936793986,0.101732969916321,0.0409496049591164,0.00953436171576977,-0.00713702183620947,0.00258854027704391,-0.004670313572217,0.00543436676922269,-0.00193944713347216,-0.00225934453207376,0.0113563694933672,-0.00220841657177214,0.000690364034432974,0.00524455655341006,0.00362077249703266,0.00393815851374285,0.00709342965685844,-0.00539326574120273,0.00401121719627839,-0.00562293646634872
-0.00567535349888424,-0.00149077445310104,-0.000174974232019476,0.0098333641558365,-0.00616408253757561,0.00202099687895482,-0.00180276258160062,0.00660176351791603,-0.000541659794642035,0.00760704999521625,0.00421984182759441,0.00192640784899674,0.00595559882976882,-0.0106833101696577,0.00662051739246024,0.0261882604479138,0.0382533032751632,0.076869132042938,0.128357075621434,0.173663229814793,0.201141771283698,0.193832497863353,0.165963364050356,0.115034448962597,0.0633714349986636,0.0946923907553846,0.213975253777228,0.0495193084610591,0.0819206474143481,0.125282082855546,0.168874576567203,0.208066095209242,0.210422147499919,0.169863173424597,0.116659339212182,0.0626116742128773,0.0336283985552112,0.00989391763780459,-0.00275109606607993,-0.00307514096929646,0.00539835994761911,-0.00373680139636866,0.00396198246661116,0.00140904685230166,0.00521277004064398,0.00106781685873561,-0.0083802262399505,-0.00236796974329845,-0.00384726324300696,-0.00608157439507353,-0.00109436694181703
0.00285689940806327,-0.00249601580119,0.00205223247914997,0.00612505034498872,-0.00112140464808623,0.00242213421993055,0.0111716087207225,0.000942375953880876,0.00944397590051698,-0.00747992633642166,0.0142341669442311,-0.00409851072774439,-0.00200047836633084,-0.00333670722324627,0.0057366950361685,0.00562037700739729,0.0144061411096717,0.0297522079348193,0.072170263404608,0.120648064664776,0.193935774465366,0.231629507843263,0.265679824653467,0.256542218640742,0.188407957239549,0.127399041835722,0.103943547628765,0.109227043790466,0.148105369921264,0.173941883919751,0.175552127299333,0.163939281167953,0.12802645670231,0.0985566017655721,0.054986227564304,0.0318100540445607,0.014070082014239,-0.00416683832638613,0.0047443865972554,-0.000450365711204652,0.00262896708503573,-0.00501462744037127,0.00759285179048833,0.000271296905473961,0.000383800734716457,-0.00372697784334825,0.00731078508490965,-0.00815133580744396,0.00334667202939617,0.00456774546330458,0.0105006464811601
0.00504235216162632,-0.00292665552301895,0.00421569936489035,0.00542311601015852,-0.00761200538590172,-0.0127533204542725,-0.000134132468670531,-0.00558462679499013,-5.63319543221566e-05,0.00526291043519907,-0.00397537693994324,0.0014175773224349,-0.00270934225660561,0.00644134415873466,0.0139527703239183,0.00693341036465337,0.0120355323733428,0.0357445582744743,0.0897010913593674,0.170411094797888,0.242417059266674,0.255711151568866,0.206916349073112,0.158225430495282,0.204112547793503,0.145333123797847,0.0581440941482827,0.0896950199016018,0.143329562671392,0.19001864003333,0.209614355437446,0.194690608031157,0.14481803085804,0.104080554100718,0.057898398251681,0.0279081587410603,0.0103723706921113,0.00128882028172254,-0.00747116889075064,-0.00570416398444474,0.00398844616680563,0.000569595292037141,0.00698293355518734,0.00364842751804466,-0.00277653732086989,-0.00531321075521262,0.00152134805460888,-0.00140325986520897,0.0129623900611907,0.00811395159502853,-0.00564127139376128
4.02340037277535e-05,-0.00789822066289172,0.00317645923857237,0.00486169858857666,0.00272471302086043,0.00158010602648091,0.0118983452413131,-0.00998714007015619,-0.00524707732537371,-0.00560567202956418,-0.00520256123505597,0.0060934807472653,-0.00682495148324389,0.00464233392424464,0.00163403558409888,0.0154719478648611,0.0385186106430066,0.0617649113413886,0.103340696434754,0.166611379492638,0.202258893887368,0.219089808096709,0.191047566822567,0.162963122432412,0.144504265913554,0.149704683984205,0.150116308599864,0.173108179287701,0.171195945264532,0.174923875928335,0.176828267555047,0.15363769936316,0.114801289610995,0.083593885647243,0.0512021067522981,0.027998265013152,0.00587096710895794,0.00207457128501678,0.00552465919604805,0.00205560727466328,-0.00192656101779491,0.00210974241666773,0.00630169080420206,-0.00443706257822129,0.00240219188323114,-0.00793921616345749,0.0119907602302215,-0.00406630078571983,-0.00142317013153602,0.00556682510879232,-0.00539413015922761
-0.00492707928134468,-0.0115091815497057,-0.0117324257410272,0.0101446815345277,-0.00202388404843308,0.00548749123508132,0.00283469357699089,-0.00977398071836933,0.00451999867151009,-0.00293558523827592,-0.00629405318719829,0.00038091916119039,-0.00128699134377422,-0.00746426143384886,-0.00152384260827673,-0.00440403283289722,0.00804630456464689,0.0489898745845347,0.12192400284731,0.212459708807719,0.280418268324932,0.267003209482496,0.192198353750871,0.110128083708406,0.100637349916686,0.107769319438544,0.106894035246627,0.0948373647299382,0.124422168122877,0.153254221602095,0.187493528378148,0.181969262747561,0.171155523525449,0.124656499688075,0.0789046378470136,0.0514595820807061,0.0287459092217019,0.00616870702811989,0.00222220328503043,-0.00156582904150856,-0.0102971905704171,-0.00292981710021508,-0.000428764687799638,-0.00637611587367187,-0.00409869449776784,0.00512117614146291,-0.012620152246588,0.00357506315117881,0.000421463233279471,-0.00902043144830506,0.0024328656962058
-0.000945127981530496,2.62145262873653e-05,-0.00332318767056684,-0.00337566381030094,-0.00804432206883713,-0.00232940386797999,-0.000289160496093738,0.0107351646250348,0.0067869242368574,-0.0023003971281181,-0.000467884610296119,-0.00738585277204652,-0.0023192402158739,-0.00310854700095346,0.000138868243962712,0.0126694550234066,0.0095479401333411,0.0386035571483626,0.0688371550219523,0.154810588187282,0.223802277870027,0.253907696849484,0.224217096973462,0.154067171640674,0.109536812852676,0.137491008688585,0.238791601937791,0.170616606460076,0.170600386834483,0.190029464690433,0.172647965966943,0.16010067950464,0.112557562687724,0.0791810026365038,0.0430889375416568,0.0118734766883547,0.00413542244731467,0.0072669391813262,0.00153352046981998,0.00455993544097666,0.00127552345548932,-0.00512000328197865,-0.00969853971199986,0.00703805401668351,0.0011133555080057,-0.000182300052193744,0.00260359614714346,-0.00256112937871988,-0.00670775550463744,-0.0031219640778339,-0.00338569068437344
-0.0035435753556177,0.00336648293243876,-0.00284014663345473,0.00506509926190832,0.00560400835539642,0.000104671331570012,-0.0082372071931639,-0.00479072601833716,0.00193686960923949,-0.00465559225206386,0.00251226111537959,0.00158651821465345,-0.0059470637981393,-0.000786794540965999,0.0196656718880037,0.0268766605611709,0.0342296269932424,0.0941546358279943,0.146894281025735,0.185435855079534,0.208581471404781,0.190441658255993,0.147306070678283,0.092244627803478,0.0684607146451383,0.0595966027737042,0.109659592705497,0.196944324615196,0.237884993371721,0.280368425986128,0.26206490482003,0.183874679888163,0.108813070906151,0.040816206811851,0.00946717171586174,0.00505652616090198,0.00309750104662687,-0.00495117506638011,-0.00291625805627008,-0.00168596040158276,0.000629398404388758,-0.0114492193388023,0.00831367384501125,-0.00359691945201517,-0.00314032459863266,0.00156791335673681,-0.00277736649605237,-0.0081258196267397,0.0109133453830631,-0.00518031786365826,-0.00647366490844484
0.00944739121676497,0.00410503163419581,-0.00907501203857865,-0.000928094976498903,0.00674211271786662,0.00209284624757861,0.00095051411756976,0.00128780791109226,0.00175300892963815,-0.000621169772948316,-0.000790583334771795,0.00273144828133257,-0.00906959368324233,0.00995652312089451,-0.00547535669943861,0.000305377385384371,0.0107279821034211,0.0394765590937275,0.0784442840835829,0.139046508212195,0.22792234449256,0.271286253125874,0.259023080385619,0.21242808460646,0.157455723390339,0.114393540014597,0.124081113225478,0.124959361179705,0.154650133776297,0.184537040962797,0.176915486634918,0.161026304904754,0.133374754289134,0.0906829192707571,0.0593902644548839,0.0283540752673228,0.0178543882607886,0.0135173429609184,-0.00921033371560358,-0.00158768667137034,0.00201235880059823,0.00685953557373817,-0.0103129727688354,-0.00152897071714056,0.00109762593722859,0.00528768029494982,0.00466598680939212,0.0133631078347466,-0.00703976680777724,-0.00689477852860677,0.00282118290555227
0.005827458742698,0.003597747061574,0.000588628797340871,0.0107027001022376,0.00855975146000624,-0.00737356759982866,0.00861267681458891,0.00481313277211207,0.00152226485369118,-0.000121697232113001,0.00279271045840593,0.000585372804078069,0.000960749632023033,0.00247262195504681,-0.00173487931162925,0.00354919318007311,-0.000342790421910553,0.010876114655061,0.0284929910676564,0.0919332243008961,0.217175525164466,0.306885566294145,0.303339205402349,0.21577415978086,0.157510699265892,0.215709045634931,0.182159852547127,0.144611353111879,0.160368357687899,0.174227623992028,0.157559076121664,0.13562108615969,0.0998692937990454,0.067148108511186,0.0445632705743319,0.0210814959776946,0.00347572737723356,0.00550034798438473,0.0112596509137649,-0.00479995479789886,-0.0152317228827777,-0.00306020163088186,0.00159505515011232,0.00803514065161829,0.00332845879259547,0.00738618805371444,-0.00479312752611222,0.00830152618046027,0.00668512113654888,0.00572419732905378,-0.00241974725066017
0.00113572293735481,-0.00107887115185193,-0.00116170020485589,-0.00178692043961163,-0.00521567647106608,-0.00237793477517228,0.00357650715732452,-0.00276745940631195,8.46340076252265e-05,0.0023115129998816,0.00203429840395339,-0.0135734550734626,-0.00269343506844452,0.00570596230838567,0.00296591630975213,0.00362321896441918,0.0142658461054092,0.0601780730766562,0.135949498650361,0.22315726770452,0.251281897484225,0.24428675056161,0.175704774524404,0.120660517628142,0.109752823902198,0.103660198662963,0.110257615276494,0.094070862846491,0.139115415040784,0.199142639989385,0.214426020232458,0.20123421666566,0.16657787734656,0.0964549914701036,0.0590141880053837,0.0299256873354743,-0.00202331345510423,0.00616997691629861,-0.00197615973744787,0.00199705323277649,-0.00160274844633551,0.0048896391131375,0.00514151734974235,0.00105094029996665,-0.00683781406894203,-0.00449897418749641,-0.0032281340367506,0.00486024876385473,0.00125785129289069,-0.00916357775293398,0.00218997803690843
0.00591883646352246,-0.00091813645472239,0.000630752919164664,0.00490473164166227,-0.00206748942100974,-0.000887879925690534,-0.00536935493199586,0.00351387053337281,0.00976052136987185,0.00592248197957126,0.00786902613485177,0.00795837777879553,-0.00389016947356091,-0.00375458456570635,0.0117131188862231,0.020261970512408,0.0426259974984506,0.0717137174149378,0.129899941573781,0.167197303539113,0.203906634539247,0.201132453347137,0.190575189787819,0.15248144961634,0.12922620473283,0.112268780439517,0.137515914453733,0.220371918517415,0.301942195520895,0.309670538863905,0.224555980976473,0.116271870851713,0.0339843901071811,0.0116474668555657,0.00401296716904343,0.00837841077541521,0.000196369947604953,-0.00655407481577818,-0.00206978390577716,-0.0024597827351868,0.0032356514799507,-0.0003016619098986,-0.00348626460352914,-0.0048717642956298,0.00674031502155605,0.00588516525319187,-0.00226597061122248,-0.00395768429414041,0.00316857014425868,0.00941636799269351,0.00126876463199615
-0.00193095943355083,-0.00343300545668494,0.00659924141925268,-0.00368466785686939,-0.00493798573061844,0.0082623439777911,-0.00324178500077132,-0.0138073180809232,0.00779820001226936,-6.96321130670748e-05,-0.0059807007257733,-0.00156515354137913,-0.000509632732209195,-0.00509430864227659,0.00391681892824599,0.0150508755581588,0.0143000051869248,0.0512295367968731,0.10646261983626,0.155452446837544,0.205951131697589,0.221192740953594,0.195751974162206,0.150657082425187,0.112889728796026,0.110977145813201,0.143086512920214,0.166293695525182,0.181968089830326,0.200856597415565,0.213252439779841,0.199706690470132,0.15587093742385,0.0978745225810566,0.0583076338689226,0.0346494567009878,0.0045683568715963,0.00234802964892363,-0.00496110278402512,-0.00444315871371617,-0.00133067057898789,0.00709353327447452,0.00495744027678826,-0.0110096452274463,0.00116310396580653,0.00390628253671544,0.00147072131595826,-0.000745905769781406,0.00028444923349972,0.00145384053406123,0.00296759065354601
-0.00190382413728281,0.000332799369820286,0.00197947870029922,0.0056953389183328,-0.00908568809376115,-0.00419657738900339,0.0112682495287607,0.0060401845118489,-0.0043413836577325,0.000275245801255035,-0.00407687580198512,-0.00833236781804048,-0.0197786490231666,-0.00624546794407118,-0.00679104680716865,0.00503841598941972,0.0223551300988684,0.0521093594139952,0.091859967801489,0.157579787462856,0.222305727713224,0.230239323499946,0.213781397089826,0.148854317441628,0.122195666406237,0.11162602008206,0.136077810085581,0.176550246068873,0.206415894031752,0.22095260341775,0.222409474985029,0.191002796672124,0.125692489860527,0.0751821868159888,0.0380360488668481,0.0174299142281572,-0.00112929573585053,-0.00173133619139523,-0.0144546929016037,-0.00901861288795691,-0.00736668285482936,0.00421223147774717,-0.0078864486621516,-0.0104790797049911,-0.00336032567427057,-0.00479429954349436,0.00433222622497159,-0.00171144711345162,0.00179205919226408,0.00368617276017314,0.00999000276449084
-0.00418838806328233,-0.010148098111309,-0.00565381851618071,-0.00613637196008956,0.00278100301452588,-0.00702640482934671,-0.00271261480608284,-0.00863910078867245,-0.00965337084469202,-0.00130341360171984,0.00509822745181805,-0.00473646488981932,-0.00657628195023962,0.00742285827283465,0.00193178508238707,0.00337213967316202,0.0196527986858873,0.0411632708685159,0.083518968912783,0.133523916973907,0.178897491210467,0.201796741432908,0.199179506414281,0.174164950882194,0.145765303434998,0.150513364524492,0.115929454792819,0.0680435354071701,0.0733735598918656,0.11302447683108,0.156801329557157,0.191817436948625,0.198209619357968,0.173332582606992,0.132389566756162,0.0797998301711612,0.0425141456791096,0.0354795112102623,0.00616448364398232,0.00171128192691227,-0.00472244665283498,0.0022694191038301,-0.00692404700072276,0.0038323910816781,0.007440270570276,-0.00113962525844773,-0.00243973756494976,-0.0116858928331639,-0.00346868010004662,-0.00099103107225615,0.00639342039716004
0.000578414429826532,-0.00161158098682269,-0.00756868121618271,0.00124551812702806,-0.00351380828134861,-0.0131118008912586,-0.00336149165013135,-0.00701564809661753,-0.00979292589350031,0.0106525189406784,0.00553481502249904,-0.00141019093654845,0.000745845591244562,0.00179503233784301,0.00317847614007325,-0.00859681815679548,-0.00284248445688983,0.0223549083522845,0.0606347285928831,0.107399621006754,0.162717060883215,0.196595013647554,0.221725529343175,0.211307191146745,0.186750912361942,0.169678905604592,0.152640809785566,0.147922606014043,0.174218830081687,0.228754884157642,0.235581282638141,0.206965673802298,0.141590031524481,0.0965346055250438,0.0401637121682831,0.0130183083671527,0.00250026600808083,-0.000878134929557159,0.00284112597450367,0.00793293540748563,-0.00574276527237739,-0.00170967262131316,0.001470815760779,-0.0101231462038742,0.00284370501494944,0.00138065561660859,0.000302013778571736,0.000305030073562943,0.00565888992358035,-0.00207407875802522,-0.00238201008938369
-0.000344483337329676,0.00783380114287716,0.000296992244789751,-0.00105032086242952,0.00514158351728206,-0.00817206000884681,0.006677323939298,-0.00844590322212529,-0.000289060913214248,0.00318837637600431,-0.00153547645740725,0.00413532815043904,0.00516871392428633,0.00710773181225275,-0.000866039358732609,-0.00353485266649227,2.51693204940812e-05,0.0207238762644976,0.0573279144333344,0.10807878297773,0.179006198383098,0.232963001685725,0.234966402899047,0.210169726956807,0.186043780159156,0.182085865400968,0.176901435538884,0.161857571191619,0.167373106923132,0.196457428581596,0.193460639582666,0.173058385759308,0.125478351444193,0.0900181385339844,0.0407432866265113,0.0233068916119821,0.00991505763975283,0.00378262067277427,0.004100610217974,0.00102413419096066,0.00903188259122402,0.00299626845206851,-0.000490007844528414,-0.00160151647315932,0.00207035766163112,0.00142012647610404,-0.0111421302958089,0.00411832464082535,-0.00700198039554383,0.00574493244665657,0.00115112420438334
0.00613098375902867,0.00400158911913316,0.00156946237397367,-0.0066660348236187,-0.00532085988631067,-0.00312082581072014,-0.00489483183915112,-0.00179946665567339,-0.00888051557787357,0.0101017127339704,-0.000503060407767374,-0.00577355481667353,0.00294169610460663,0.00562567528491252,0.000453998090674444,0.00876393611034526,-0.000205255815822537,0.00294030543086399,0.0363663758065151,0.111279944647557,0.234194998472179,0.325774407913366,0.294201656831033,0.171944462768633,0.109950714763247,0.111582813717749,0.138425308734688,0.127691276510328,0.148713805186299,0.174303076937469,0.171503835255557,0.173295174056327,0.153027273365381,0.105031045569088,0.0815499209981209,0.0411506143245044,0.0157777136677934,0.00678218258541576,-0.00361584504215459,-0.00113878237029369,0.00194021905014918,0.000836408846779849,-0.00118046203966092,0.00879034714312249,-0.00877783133217469,-0.00905943720193935,-0.00290878428630593,0.00593437029479349,-0.00141322688488964,0.00628219322175831,0.000122178152649421
-0.00455912035426847,0.00769241580812204,0.0001802247332624,0.00497258696618716,-0.000216507002771034,0.00155269780938844,0.00314160445619904,0.0026375556240713,-0.0131448643600342,0.0107881483933495,0.00569459276739337,0.00864944757731926,-0.00192308995806654,-0.0119399478509956,-0.00053392589712474,-0.0107855482802172,0.00548227644697376,0.0114459140754144,0.0282231922815186,0.0620177961864955,0.144816015637283,0.221256333419393,0.248941222270724,0.219742577223324,0.156842184684547,0.121988458136334,0.12471029207237,0.148727612624056,0.190999203091421,0.255478407969207,0.272840883812815,0.23973804554052,0.151196506954115,0.075335847534125,0.0250586800340548,-0.00770356453877098,0.00553691534943019,0.00489725856243689,-0.000791235540477849,-0.00870277601892054,0.00869800829499099,0.00822491729758678,0.00871551082824329,0.00514813101118623,-0.0056044406955817,0.00686382008971552,0.00544798334484896,0.00187968791467966,0.00187251914842738,0.00513377787768087,-0.00171359552327199
0.0158747803744251,-0.00420945463300934,-0.00714595114419902,-0.00220661878464179,0.00022734649719783,0.00668588267602864,0.00435338912196926,-0.000153123887426901,0.00118336415105632,-0.012838927608347,-0.00514282323627837,-0.00800207801266235,-0.000401972495064819,0.00697863733925937,0.00425829012349576,-0.00520226910694691,-0.0118168577378831,0.00325615302302694,0.0139202101309296,0.0344286548187914,0.106035990170423,0.216328553952958,0.302182315404258,0.325213107008352,0.300227465494841,0.176009692261764,0.0963814759736338,0.0929553919504022,0.132187398241459,0.155009648046538,0.168138683331621,0.167514542626701,0.156149692022541,0.115769112245391,0.0840994274423536,0.0587318665202656,0.0313895392094776,0.0169137561753132,0.000651760614349897,0.00708317811959714,0.00435958969667677,0.0119362836388553,0.000501559248204498,-0.000915641391894046,0.00222132785499812,0.0068788193611104,0.00322767594168393,0.000179181484016135,0.00494919260524807,0.00179067334277298,-0.00445642466458357
0.00923264302975564,-0.00158233237485288,0.00228277216096095,-0.00170844996449133,-5.17835303107538e-05,0.00506577890472223,-0.0125558701359322,-0.00747240475212142,-0.00333481012793716,-0.00322975807801419,-0.00532207721203707,0.00684842672563539,0.00125077337417105,0.0051302682990174,-0.0103600245515002,3.59682896995976e-05,0.00426548056230437,0.0124704862690192,0.0509829908885258,0.134055007919266,0.254248335593743,0.31237614158239,0.266263558483141,0.152180186671088,0.166279033704479,0.191915804568344,0.089358211830246,0.116672570430691,0.160406476475908,0.177254009943608,0.191933859875405,0.165532811740701,0.117614400601454,0.079275207303219,0.0499663798679201,0.0126948188551427,0.00910854056391851,0.00646453071542924,-0.00152249166506934,0.0036939029782716,-0.00684740893751627,-0.00234949506443739,-0.000530409981847686,0.000301377627110355,-0.00468029006749881,-0.00205438359596524,-0.00192042942530446,-0.00352506499947428,9.3497991169446e-05,0.00214302670558913,0.0023453049484547
-0.0118032968041214,-0.00690091420338618,0.000186097834785938,-0.00400185318793018,0.0014988494597972,-0.00167735125103417,-0.00501077614022557,0.00343036885175115,-0.0132982658400796,-0.00421191540260831,0.0011092103438425,0.00128571378414603,-0.00884011428023061,0.0048992908710598,-0.00110811399057468,0.00202042118742502,0.0311901045916829,0.0333598883872468,0.0764080268154882,0.139516011119916,0.186281111941665,0.223377286316485,0.202837154119682,0.167484834054273,0.122342889803667,0.141398283370398,0.172046477390047,0.154297605825264,0.222779474110347,0.289337130500029,0.271715390797459,0.178040614543978,0.0761458672082984,0.0149473587576053,0.00265157860791064,0.00505006745716671,0.000933897822292317,0.00250881219377919,0.00176556989560708,0.00221597758906248,-0.00817412889256888,0.0033535826098169,0.00324357061046931,0.0025418745327149,-0.00972070917579462,-0.00309425559192936,0.00057291162930674,0.00578787962160411,-0.000601609822421957,0.000149660843758247,0.00948317309727618
0.00185042185106129,-0.00389564959151065,0.00658897991878286,0.00234121243242333,0.00143039697181051,0.000725490211502457,0.0116836715182654,-0.0176986088488078,-0.00219466975623503,0.000636839399814735,0.00793863836912125,-0.00834516365897937,0.0043252134410496,0.00277993653546536,-0.00454002227402155,0.00281325861518676,0.00205111964186104,0.0364345554318746,0.0958636961901595,0.167221964397147,0.246334437947976,0.259599542668141,0.215289628266637,0.149794032985678,0.116102615828646,0.100901647719739,0.0856657386562102,0.0765262012113228,0.100762543389802,0.166067566718105,0.208145271358815,0.222066540071709,0.194413551825076,0.139666496126106,0.0759092616845618,0.0478361484050821,0.0128016568929809,0.00970122688508814,0.0126524662736472,-0.00761109456120809,6.27342894649573e-05,0.00432604719892963,0.0103451556474907,-0.00451334210610997,-0.00779874100082423,-7.66545849361134e-05,0.000458464271857809,0.00558472272368172,-0.00502107172843695,0.00631679798132616,-0.000872687497663132
0.00452052181211568,0.00305620532527541,-0.00452438030623763,0.00845511479184319,0.00130520570760876,-0.00486974010301539,0.00422538001630872,-0.00373916251189577,-0.00194728526972946,-0.000500422161291234,0.00063258763859173,-0.00443977355433454,0.00459240559672372,0.00831693404700646,0.000230003865007449,0.00281979944743554,-0.0062574739234946,0.00459224184839503,0.00988207994319392,0.0320753547412102,0.0898085454285114,0.173781228045229,0.240753668469492,0.258998624596493,0.226112890382355,0.195737020560684,0.355918284398219,0.145899180639849,0.182175050511202,0.207339389335393,0.213896302942358,0.1695978007018,0.114836962860634,0.0654272886170105,0.0322751688141761,0.0179570916850079,-0.000975108714943557,-0.000288748821338802,0.0105558812551095,-0.00190158858988039,0.00535445642653532,-0.00963047568710814,-0.0016315111103565,-0.00148997755216131,-0.00941288078026534,0.000659251576058323,-0.00227963522374358,-0.00300607803215574,-0.00323421545188556,0.00386167930098198,-0.0118212769880555
0.000742891615019494,0.000116714372446022,0.00309103391054843,-0.00499328158704689,-0.00221969504936604,0.00140116832242435,0.00240627957394708,-0.00209807730628055,-0.00618628337442522,0.00463076671834124,0.00924665030000568,-0.00827561907592637,0.000202640519414436,-0.000592297114357209,-0.00269017557834589,-0.00334415824047447,-7.54459237520594e-05,0.0175737883938102,0.0605139136559046,0.148781971093591,0.265483682531793,0.318921042684104,0.242731481001551,0.141612514096855,0.0797607353552454,0.150594989198827,0.20117601228953,0.146680144606701,0.140516373472091,0.177952329718742,0.174182157352815,0.166982444886805,0.117726341073034,0.077296056431523,0.0412790758376457,0.0341461654005084,0.00900485242642931,0.0101795970149417,-0.000232401011320306,0.00086833293955723,0.00946440455109701,0.0018469714714833,0.00448636069946913,0.000569261611211761,0.00673804450085423,-0.000624429921824358,0.00715196502627547,-0.00966390151735011,-0.000250735080412761,-0.000579794378624055,-0.000475923777495304
0.00330726443208095,0.00107561603293927,0.00404036699541694,0.00107678597384698,-0.00457283936219437,0.0115630875217336,0.00358135136363594,0.00168839161117943,0.00808647757107068,0.00351343604923299,-0.000973678929270414,0.00347710483836986,0.0051634966516323,0.0136596879271933,0.00328759084235659,-0.00358917581793992,0.00477093488284402,0.00385247792825967,0.0378922199350251,0.0864384941472201,0.215460315883328,0.326622063261078,0.313146041048006,0.216138297719111,0.122993694795291,0.085034380126214,0.0821197801097291,0.0963751195492336,0.135924912271034,0.192604419873963,0.225913326866855,0.218345101153772,0.179160428008758,0.116885943195776,0.0601827446438503,0.0218456883664753,0.0012724964470018,-0.00489998799134348,-0.00335908437694662,-0.00357231400779363,0.000753362461270342,-0.00613862352022497,-0.00128637597089812,0.00482843156415143,-0.0007663990253788,-0.00590184569676593,-0.00613189763900207,-0.00697995788714819,0.00117566045525019,-0.00798360407947883,-0.000703489847532468
0.00211997147301718,-0.00504637296729979,-0.00379411303319579,0.00206760899313224,0.00342064694751637,0.00254218275582275,-0.00489882423975475,0.00613804982156883,-0.00132490905409728,-0.00216381391366939,-0.000262904511493357,0.000611404730283935,0.00335515854686604,-0.0104636378037152,0.0122489360643361,-0.000944339585624166,0.00103164804803872,0.0110074829512517,0.0245946333132504,0.0786615092570937,0.149914590917042,0.216662100756301,0.270886638708837,0.236940061294392,0.198468466823145,0.176360117512895,0.154789456702543,0.15736054742009,0.174893980603847,0.189476571000893,0.184547555084685,0.168149657053918,0.136327803823386,0.0963201211013195,0.0606418828767545,0.0394751554409073,0.0125337402690441,0.000917240964886942,0.00261908394854143,-0.00873869970698527,0.00187388293494183,-0.00861827505593595,-0.00747462610713325,-0.00374041413964163,0.00864223655475912,0.00510642902484253,-0.00230807524909725,0.0071941888626258,-0.00555975546314748,-0.00456270168906611,0.010614644628259
-0.00453102667104075,-0.0028411819940221,0.00831334328227495,0.00392919795244697,-0.00807006635782,0.00300569964486017,0.00602040201555736,0.00684792343144622,0.00631681599264206,0.00340891658675537,0.00773328353875433,-2.8387250320378e-05,0.0159926489430164,-0.00219969662284202,-0.00858679025486693,-0.00602061377254515,0.00301095330797147,0.00646642716634058,0.00523807662631569,0.0116012449215852,0.0687565380510064,0.158595272941671,0.277283739970926,0.336117919040215,0.299364444303135,0.192258186848081,0.111570482131973,0.0754090669140039,0.074292803027708,0.117558541468273,0.160488324074671,0.191664658429378,0.204763400346149,0.173177812431258,0.130482736154059,0.0816444882401481,0.0365777912282205,0.0265154945892361,0.0131772043734364,0.0143123297075968,0.0074553201471058,0.00518927259968176,-0.00654917243560472,0.00248325813274529,-0.00801119302046351,-0.000507116179064725,0.00366403264105293,-0.00174389357013175,0.00501324715098395,0.000443787030733089,-0.000115522131419452
-0.00257759225692403,-0.00750482042137736,-0.00223400268006168,0.00823915430599972,0.000810615607745274,0.00632533228275402,0.000555919884024945,0.00317291984197467,-0.0122641646119808,0.00149139949587192,-0.00450437466862221,0.00139833731679543,-0.0072253784862091,-0.010128624919509,0.00400403530128477,0.0118234885300016,0.0453976161566955,0.0881291793434924,0.163213067899926,0.233434150768053,0.248786531751185,0.208559021545996,0.144166357105468,0.0808764193507073,0.0581485381146476,0.0559684557720983,0.0881558849549525,0.136404842439915,0.204639148916468,0.249156347584345,0.222340750403258,0.173841126791292,0.134733091293893,0.089047387231137,0.0528355733290348,0.0310189073668529,0.0294052094779744,0.00535094046974661,0.00353418746193369,0.00659334603453511,-0.0082286319602309,-0.0029837172436712,-0.00378902521640832,0.00362232300898017,0.00765908097963619,0.00331034995503775,0.00162640794347076,-0.00328505301659522,0.000411576403830415,-0.00659793257971925,-0.0094676348215925
0.00506854170550849,0.00267330954282514,-0.00284451702474033,0.000787052754803053,-0.0105484926359973,0.00673383535763108,-0.0050291614709713,0.00524996537875715,0.00313056823313165,-0.0106454461586967,0.00484106040655617,0.0093020021811046,0.00921426140965155,-0.00522452498000746,0.00806122075357456,0.00161989303781917,-0.00317907178325922,0.00192472328340311,0.00995313695145016,0.0397636924951215,0.0907737192381856,0.136851436813728,0.189799664192404,0.238612045244412,0.31274254521562,0.287610472596505,0.195101980176146,0.148258717482414,0.144187922218715,0.157174225781952,0.164586174081791,0.161943453843084,0.151208628253874,0.117807931307191,0.0912635587937461,0.0675927075266005,0.0413374572000768,0.0131706326908129,0.00368422124529988,0.00825556289207221,-0.00268875475077418,0.00268787383981478,-0.00390623138824173,0.00436320570476627,-0.00127998818850718,0.00484145752590289,0.00886389769073004,-0.0130188491157188,-0.00223085076031611,-0.00815407135353066,-0.000758012748875305
0.00494263749638948,0.00565015824692997,0.000213415778186592,0.00577483001477743,0.00922075319377062,-0.000914597293614995,0.00452268157799255,-0.000635362913054923,-0.00252186756815039,-0.00642257818505799,0.00323039445370082,0.00860577261943889,-0.000604697516530107,0.00400368323721344,0.001100233842237,-0.00239768160572731,0.0120276305400526,0.0336281822372218,0.0873940879355085,0.163836918973257,0.241642738516263,0.268266941000102,0.218279772316336,0.136042993747057,0.0779892382567567,0.156318913584433,0.167971470896023,0.0842387693596791,0.12270126319971,0.150521917977748,0.186153573291488,0.193600462414227,0.163589361982105,0.121503671315346,0.0692509424420193,0.0411511430675395,0.0263694663349766,0.00154061888752637,0.00559932802997018,0.0105047376012075,0.00626000079202112,0.00614629727632206,0.00174655917377646,-0.00168928275965473,-0.0048658334491308,-0.00328507351676279,0.0239645206452496,0.000692759256260648,0.00801293001151314,-0.00585490229696538,-0.00958421933810518
0.00401794129368621,-0.0038893321801689,0.00325461170755406,0.00659476042191314,0.00158619470575441,0.0030644802772049,0.00135019779777742,0.00401674484344291,0.00935917826975519,-0.0118432296570875,0.00336260357159499,-0.00542007131750372,0.0025156410093281,0.00222636654043663,-0.0121695688678871,-0.000616146595387935,-0.000831920108688863,0.0090386078015623,0.0356692547998534,0.0854946256140275,0.165587074211632,0.224001443663551,0.252419824588029,0.204350541754397,0.151397178081213,0.104000388778961,0.0997402251352239,0.130108148964608,0.155199757810314,0.178259155134343,0.178931934111853,0.181990430531194,0.174642740306153,0.150661180315535,0.107643757949544,0.065623415641284,0.0399138236200592,0.0209552874398895,0.00615053734928083,-0.00591186005969675,0.000365952855191068,0.00162727625829837,0.00141663357231948,-0.00494170420400048,0.00988167186305464,0.00198913482953283,0.00801733167303726,-0.0021201049852227,0.00292770411537796,-0.00115099894919924,-0.00803757972980525
